{"assets/audios/favicon.png":["assets/audios/favicon.png"],"assets/fonts/Poppins-Medium.ttf":["assets/fonts/Poppins-Medium.ttf"],"assets/fonts/Poppins-Regular.ttf":["assets/fonts/Poppins-Regular.ttf"],"assets/fonts/favicon.png":["assets/fonts/favicon.png"],"assets/images/admin.png":["assets/images/admin.png"],"assets/images/chat.png":["assets/images/chat.png"],"assets/images/chat_(2).png":["assets/images/chat_(2).png"],"assets/images/favicon.png":["assets/images/favicon.png"],"assets/images/login.png":["assets/images/login.png"],"assets/images/quiz_(3).png":["assets/images/quiz_(3).png"],"assets/images/uiLogo_robinLight@3x.png":["assets/images/uiLogo_robinLight@3x.png"],"assets/images/user_(4).png":["assets/images/user_(4).png"],"assets/lottie_animations/favicon.png":["assets/lottie_animations/favicon.png"],"assets/pdfs/favicon.png":["assets/pdfs/favicon.png"],"assets/rive_animations/favicon.png":["assets/rive_animations/favicon.png"],"assets/videos/favicon.png":["assets/videos/favicon.png"],"packages/cupertino_icons/assets/CupertinoIcons.ttf":["packages/cupertino_icons/assets/CupertinoIcons.ttf"],"packages/flutter_dropzone_web/assets/flutter_dropzone.js":["packages/flutter_dropzone_web/assets/flutter_dropzone.js"],"packages/font_awesome_flutter/lib/fonts/fa-brands-400.ttf":["packages/font_awesome_flutter/lib/fonts/fa-brands-400.ttf"],"packages/font_awesome_flutter/lib/fonts/fa-regular-400.ttf":["packages/font_awesome_flutter/lib/fonts/fa-regular-400.ttf"],"packages/font_awesome_flutter/lib/fonts/fa-solid-900.ttf":["packages/font_awesome_flutter/lib/fonts/fa-solid-900.ttf"]}